번호,종목명,평가액(억 원),자산군 내 비중(퍼센트),지분율(퍼센트)
1,삼성전자,230421,16.7,7.26
2,SK하이닉스,95627,6.93,7.55
3,LG에너지솔루션,51706,3.75,6.35
4,삼성바이오로직스,46721,3.39,6.92
5,현대차,33529,2.43,7.55
6,기아,28589,2.07,7.14
7,NAVER,28134,2.04,8.94
8,셀트리온,27624,2,6.79
9,KB금융,27405,1.99,8.4
10,신한지주,20547,1.49,8.56
11,현대모비스,19937,1.44,9.06
12,HD현대중공업,16837,1.22,6.6
13,POSCO홀딩스,15628,1.13,7.46
14,하나금융지주,15081,1.09,9.25
15,삼성물산,14852,1.08,7.28
16,LG화학,14546,1.05,8.25
17,삼성생명,13400,0.97,7.07
18,메리츠금융지주,13180,0.95,6.65
19,삼성SDI,12598,0.91,7.41
20,삼성화재,11794,0.85,6.94
21,한화에어로스페이스,11063,0.8,7.44
22,HD한국조선해양,10583,0.77,6.55
23,HD현대일렉트릭,10556,0.76,7.67
24,SK텔레콤,10435,0.76,8.8
25,LG전자,10374,0.75,7.59
26,카카오,10196,0.74,6.02
27,크래프톤,10014,0.73,6.69
28,SK이노베이션,10006,0.72,5.92
29,한국전력,9662,0.7,7.5
30,KT&G,9517,0.69,7.09
31,삼성전기,9388,0.68,10.16
32,삼성에스디에스,9307,0.67,9.41
33,현대글로비스,8878,0.64,10.03
34,KT,8583,0.62,7.76
35,두산에너빌리티,8254,0.6,7.34
36,삼성중공업,8184,0.59,8.23
37,고려아연,8171,0.59,3.92
38,HMM,7940,0.58,5.11
39,우리금융지주,7808,0.57,6.84
40,SK스퀘어,7734,0.56,7.23
41,대한항공,7696,0.56,9.25
42,LG,7618,0.55,6.72
43,SK,7263,0.53,7.63
44,유한양행,6983,0.51,7.29
45,한화오션,6741,0.49,5.9
46,HD현대미포,6557,0.48,12.23
47,기업은행,6215,0.45,5.43
48,하이브,6054,0.44,7.52
49,포스코퓨처엠,5921,0.43,5.37
50,카카오뱅크,5780,0.42,5.76
51,SK바이오팜,5720,0.41,6.58
52,DB손해보험,5371,0.39,7.38
53,HD현대,5213,0.38,8.33
54,삼성증권,5191,0.38,13.37
55,HD현대마린솔루션,4912,0.36,6.85
56,삼양식품,4890,0.35,8.49
57,CJ제일제당,4813,0.35,12.51
58,LIG넥스원,4708,0.34,9.71
59,한국항공우주,4547,0.33,8.5
60,효성중공업,4506,0.33,12.29
61,LS ELECTRIC,4453,0.32,9.23
62,한미반도체,4443,0.32,5.57
63,현대로템,4374,0.32,8.07
64,LG생활건강,4284,0.31,9
65,오리온,4264,0.31,10.53
66,S-Oil,4228,0.31,6.85
67,한국금융지주,4169,0.3,10.49
68,포스코인터내셔널,4125,0.3,5.92
69,NH투자증권,3949,0.29,8.65
70,LS,3930,0.28,12.94
71,현대차2우B,3917,0.28,7.02
72,아모레퍼시픽,3895,0.28,6.35
73,키움증권,3863,0.28,13.02
74,한미약품,3813,0.28,10.61
75,한화시스템,3659,0.27,8.58
76,두산,3616,0.26,8.58
77,알테오젠,3615,0.26,2.19
78,CJ,3597,0.26,12.44
79,한국타이어앤테크놀로지,3383,0.25,7.11
80,코웨이,3307,0.24,6.69
81,LG이노텍,3307,0.24,8.62
82,엔씨소프트,3259,0.24,8.1
83,LG유플러스,3176,0.23,7.05
84,두산밥캣,3078,0.22,7.33
85,BNK금융지주,3038,0.22,9.17
86,삼성카드,2749,0.2,6.01
87,시프트업,2745,0.2,7.42
88,GS,2691,0.2,7.37
89,맥쿼리인프라,2590,0.19,5.1
90,미래에셋증권,2583,0.19,5.49
91,농심,2553,0.18,11.22
92,LG디스플레이,2532,0.18,5.55
93,한진칼,2407,0.17,4.78
94,한국가스공사,2361,0.17,7.37
95,현대오토에버,2306,0.17,6.67
96,넷마블,2290,0.17,5.15
97,코스맥스,2269,0.16,13.41
98,HL만도,2257,0.16,11.83
99,삼성E&A,2252,0.16,6.95
100,금호석유,2227,0.16,8.99
101,녹십자,2224,0.16,10.6
102,제일기획,2216,0.16,11.36
103,현대제철,2166,0.16,7.71
104,강원랜드,2161,0.16,6.33
105,KCC,2121,0.15,10.14
106,현대건설,2119,0.15,7.49
107,SKC,2119,0.15,5.33
108,CJ대한통운,2094,0.15,10.88
109,한올바이오파마,2075,0.15,10.27
110,에코프로머티,2071,0.15,4.51
111,JB금융지주,2033,0.15,6.41
112,삼성전자우,1982,0.14,0.54
113,한화엔진,1953,0.14,12.7
114,영원무역,1878,0.14,9.99
115,한전KPS,1866,0.14,9.4
116,엘앤에프,1862,0.13,6.33
117,카카오페이,1846,0.13,5.22
118,더존비즈온,1784,0.13,9.22
119,이마트,1769,0.13,10
120,SK바이오사이언스,1729,0.13,4.38
121,휠라홀딩스,1712,0.12,7.07
122,씨에스윈드,1648,0.12,9.33
123,한전기술,1645,0.12,8.12
124,두산로보틱스,1635,0.12,4.82
125,대웅제약,1632,0.12,11.15
126,한화솔루션,1629,0.12,5.88
127,리가켐바이오,1617,0.12,4.05
128,현대해상,1601,0.12,7.25
129,에이피알,1574,0.11,8.25
130,한국콜마,1546,0.11,11.88
131,롯데케미칼,1488,0.11,5.82
132,현대엘리베이,1483,0.11,7.24
133,리노공업,1477,0.11,5.06
134,F&F,1470,0.11,7.07
135,HDC현대산업개발,1464,0.11,12.31
136,HD현대인프라코어,1439,0.1,10.84
137,에스원,1414,0.1,6.29
138,이수페타시스,1401,0.1,8.09
139,DL이앤씨,1398,0.1,11.24
140,셀트리온(배당),1381,0.1,0
141,BGF리테일,1373,0.1,7.75
142,신세계,1364,0.1,10.42
143,포스코DX,1333,0.1,4.6
144,GS건설,1302,0.09,8.77
145,한미사이언스,1279,0.09,6.35
146,롯데지주,1241,0.09,5.42
147,한화,1205,0.09,5.98
148,HLB,1201,0.09,1.25
149,팬오션,1198,0.09,6.79
150,한온시스템,1196,0.09,5.59
151,코리안리,1186,0.09,7.66
152,파마리서치,1174,0.09,4.26
153,대한전선,1165,0.08,5.6
154,풍산,1155,0.08,8.26
155,GS리테일,1153,0.08,8.36
156,한화생명,1145,0.08,5.36
157,한화인더스트리얼솔루션즈,1136,0.08,7.12
158,에스엘,1133,0.08,8.1
159,일진전기,1115,0.08,8.58
160,한솔케미칼,1101,0.08,10.01
161,LX인터내셔널,1084,0.08,10.34
162,아모레G,1082,0.08,6.31
163,현대백화점,1070,0.08,10.01
164,산일전기,1034,0.07,4.95
165,DB하이텍,1021,0.07,6.94
166,HD현대건설기계,1019,0.07,9.54
167,에코프로비엠,1019,0.07,0.95
168,종근당,993,0.07,8.47
169,롯데쇼핑,978,0.07,6.39
170,DGB금융지주,974,0.07,7.03
171,경동나비엔,972,0.07,7.59
172,실리콘투,971,0.07,4.88
173,롯데칠성,956,0.07,9.2
174,휴젤,924,0.07,2.61
175,JYP Ent.,922,0.07,3.71
176,오뚜기,912,0.07,5.75
177,에이비엘바이오,896,0.06,6.21
178,OCI홀딩스,881,0.06,7.83
179,하이트진로,879,0.06,6.42
180,롯데정밀화학,853,0.06,8.41
181,펩트론,848,0.06,3.58
182,더블유게임즈,838,0.06,7.23
183,대상,828,0.06,12.44
184,세아제강지주,805,0.06,10.76
185,SK아이이테크놀로지,802,0.06,5
186,테크윙,801,0.06,5.57
187,코스모신소재,787,0.06,4.7
188,현대위아,784,0.06,7.63
189,롯데웰푸드,762,0.06,7.24
190,코스메카코리아,747,0.05,12.64
191,한국단자,741,0.05,10.63
192,하나투어,729,0.05,8.36
193,대우건설,727,0.05,5.64
194,삼성화재우,725,0.05,8.28
195,효성티앤씨,722,0.05,6.98
196,호텔신라,708,0.05,4.89
197,솔루엠,704,0.05,7.32
198,세방전지,700,0.05,6.96
199,DL,682,0.05,10.31
200,에스엠,675,0.05,3.82
201,한국앤컴퍼니,656,0.05,4.09
202,에코프로,652,0.05,0.85
203,이노션,646,0.05,8.33
204,클래시스,645,0.05,2.07
205,동아쏘시오홀딩스,628,0.05,9.01
206,롯데렌탈,626,0.05,5.75
207,동원시스템즈,626,0.05,5.35
208,대웅,626,0.05,4.98
209,HK이노엔,624,0.05,6.14
210,롯데에너지머티리얼즈,619,0.04,5.68
211,한샘,616,0.04,5.5
212,SK가스,615,0.04,3.22
213,LX세미콘,613,0.04,6.62
214,한세실업,610,0.04,10.75
215,DN오토모티브,609,0.04,5.63
216,루닛,608,0.04,3.3
217,에스티팜,605,0.04,3.38
218,TKG휴켐스,596,0.04,8.55
219,대덕전자,572,0.04,7.47
220,녹십자홀딩스,560,0.04,6.88
221,에스디바이오센서,558,0.04,4.36
222,두산퓨얼셀,558,0.04,5.33
223,영원무역홀딩스,546,0.04,4.81
224,이오테크닉스,535,0.04,3.12
225,SK오션플랜트,530,0.04,6.95
226,오리온홀딩스,528,0.04,5.59
227,STX엔진,517,0.04,11.19
228,ESR켄달스퀘어리츠,517,0.04,5.7
229,SK리츠,508,0.04,4.2
230,HS효성첨단소재,499,0.04,6.37
231,DI동일,498,0.04,4.73
232,GKL,491,0.04,7.18
233,SK네트웍스,491,0.04,5.35
234,LS에코에너지,488,0.04,5.14
235,덴티움,485,0.04,7.03
236,세아베스틸지주,470,0.03,6.64
237,한화투자증권,461,0.03,6.39
238,다우기술,457,0.03,5.71
239,효성,455,0.03,5.8
240,에스에프에이,454,0.03,6.48
241,코오롱인더,440,0.03,5.89
242,비에이치,436,0.03,7.28
243,SK케미칼,436,0.03,5.7
244,SNT모티브,434,0.03,7.36
245,ISC,413,0.03,2.7
246,KCC글라스,412,0.03,6.87
247,대주전자재료,410,0.03,3.54
248,보령,409,0.03,4.58
249,파크시스템스,406,0.03,2.75
250,동서,406,0.03,1.49
251,삼천당제약,405,0.03,1.16
252,NHN,405,0.03,6.78
253,현대차우,403,0.03,1.11
254,대한유화,403,0.03,7.99
255,성광벤드,401,0.03,6.18
256,엠로,401,0.03,5.11
257,케이씨텍,398,0.03,7.33
258,넥센타이어,394,0.03,6.71
259,SOOP,392,0.03,3.75
260,동아에스티,391,0.03,7.25
261,와이지엔터테인먼트,386,0.03,4.51
262,GS피앤엘,379,0.03,8.61
263,HD현대마린엔진,379,0.03,4.57
264,PI첨단소재,375,0.03,7.56
265,HPSP,367,0.03,1.69
266,제주항공,366,0.03,6.06
267,솔브레인,365,0.03,2.84
268,브이티,361,0.03,2.52
269,티씨케이,360,0.03,4.35
270,아이에스동서,355,0.03,5.62
271,SBS,350,0.03,8.52
272,TCC스틸,347,0.03,4.86
273,화승엔터프라이즈,344,0.02,6.56
274,피에스케이,342,0.02,7.15
275,덕산네오룩스,339,0.02,4.92
276,OCI,326,0.02,6.23
277,대신증권,325,0.02,3.99
278,원익QnC,319,0.02,6.81
279,대한해운,315,0.02,5.86
280,한일시멘트,315,0.02,3.13
281,원익IPS,313,0.02,2.86
282,롯데관광개발,311,0.02,5.32
283,JW중외제약,307,0.02,5.5
284,LG전자우,304,0.02,4.29
285,보로노이,304,0.02,2.07
286,유니드,303,0.02,6.2
287,KG모빌리티,301,0.02,4.07
288,두산테스나,297,0.02,6.14
289,동양생명,297,0.02,4.1
290,삼양홀딩스,287,0.02,5.12
291,솔루스첨단소재,281,0.02,4.88
292,HDC,280,0.02,3.93
293,해성디에스,277,0.02,6.96
294,아시아나항공,276,0.02,1.29
295,코스모화학,275,0.02,4.68
296,동국제약,273,0.02,3.72
297,동진쎄미켐,271,0.02,2.52
298,메디톡스,268,0.02,2.94
299,동원F&B,263,0.02,4.39
300,CJ CGV,262,0.02,2.99
301,태영건설,260,0.02,3.75
302,미래에셋생명,255,0.02,2.74
303,에스앤에스텍,255,0.02,4.65
304,명신산업,255,0.02,4.71
305,SNT에너지,253,0.02,5.13
306,진에어,252,0.02,5.01
307,피에스케이홀딩스,250,0.02,3.04
308,레인보우로보틱스,246,0.02,0.78
309,CJ ENM,246,0.02,2.09
310,율촌화학,244,0.02,4.75
311,동원산업,243,0.02,1.83
312,동국제강,242,0.02,6.09
313,유진테크,239,0.02,3.33
314,KG스틸,238,0.02,4.31
315,후성,234,0.02,4.4
316,씨앤씨인터내셔널,232,0.02,5.08
317,한국카본,232,0.02,3.8
318,인터로조,231,0.02,7.01
319,젬백스,229,0.02,3.87
320,빙그레,226,0.02,2.82
321,일진하이솔루스,223,0.02,3.78
322,삼아알미늄,222,0.02,4.46
323,NICE평가정보,222,0.02,3.06
324,현대지에프홀딩스,221,0.02,2.91
325,금호타이어,220,0.02,1.61
326,비에이치아이,220,0.02,4.61
327,하이록코리아,220,0.02,7.1
328,한섬,220,0.02,6.38
329,현대홈쇼핑,217,0.02,3.98
330,드림텍,216,0.02,4.32
331,제이알글로벌리츠,215,0.02,3.95
332,한글과컴퓨터,207,0.02,4.06
333,LG화학우,207,0.02,1.7
334,하나머티리얼즈,207,0.01,4.55
335,동성화인텍,206,0.01,4.6
336,서진시스템,204,0.01,1.35
337,넥슨게임즈,199,0.01,2.26
338,주성엔지니어링,198,0.01,1.42
339,올릭스,197,0.01,5.53
340,나노신소재,196,0.01,2.77
341,펄어비스,195,0.01,1.09
342,삼화전기,193,0.01,9.37
343,태광,191,0.01,4.09
344,SK디스커버리,187,0.01,2.56
345,쿠쿠홈시스,186,0.01,4.02
346,HL홀딩스,184,0.01,5.46
347,현대그린푸드,183,0.01,3.74
348,아모레퍼시픽우,182,0.01,5.36
349,이수스페셜티케미컬,182,0.01,1.91
350,현대코퍼레이션,181,0.01,7.18
351,삼화콘덴서,179,0.01,6.26
352,에스티아이,178,0.01,6.45
353,국도화학,178,0.01,6.26
354,엔켐,174,0.01,0.62
355,원익머트리얼즈,171,0.01,7.87
356,세진중공업,166,0.01,3.46
357,바디텍메드,166,0.01,4.2
358,컴투스,166,0.01,2.8
359,가온전선,165,0.01,3.09
360,위메이드,164,0.01,1.38
361,이녹스첨단소재,163,0.01,4
362,스튜디오드래곤,160,0.01,1.24
363,인텔리안테크,157,0.01,3.9
364,SNT다이내믹스,153,0.01,2.46
365,아세아시멘트,152,0.01,3.9
366,신성델타테크,149,0.01,0.47
367,펌텍코리아,149,0.01,2.76
368,디아이,147,0.01,3.6
369,LX하우시스,147,0.01,5.15
370,풀무원,144,0.01,3.53
371,롯데손해보험,142,0.01,2.27
372,LG생활건강우,140,0.01,4.84
373,뷰노,138,0.01,4.12
374,미래에셋증권2우B,137,0.01,2.52
375,삼양사,136,0.01,2.77
376,디어유,135,0.01,1.58
377,하나마이크론,129,0.01,2.11
378,파라다이스,129,0.01,1.46
379,세경하이테크,129,0.01,4.35
380,신영증권,127,0.01,1.02
381,종근당홀딩스,127,0.01,5.3
382,세아제강,126,0.01,3.69
383,화승인더,126,0.01,5.12
384,지아이이노베이션,125,0.01,3.19
385,한화손해보험,124,0.01,2.64
386,코미코,123,0.01,3.22
387,환인제약,123,0.01,5.61
388,지역난방공사,123,0.01,2.56
389,셀트리온제약,123,0.01,0.52
390,비올,121,0.01,2.58
391,LF,121,0.01,2.67
392,바이넥스,121,0.01,2.01
393,메가스터디교육,120,0.01,2.38
394,케이카,116,0.01,1.87
395,DS단석,114,0.01,2.12
396,감성코퍼레이션,112,0.01,3.97
397,KB발해인프라,111,0.01,1.17
398,E1,110,0.01,2.34
399,CJ제일제당 우,110,0.01,6.55
400,비나텍,110,0.01,6.33
401,롯데리츠,109,0.01,1.24
402,가온칩스,109,0.01,2.41
403,신한알파리츠,108,0.01,1.58
404,한솔제지,107,0.01,5.21
405,골프존,106,0.01,2.58
406,아이패밀리에스씨,105,0.01,3.26
407,SGC에너지,104,0.01,2.94
408,쿠쿠홀딩스,104,0.01,1.27
409,HLB생명과학,103,0.01,0.84
410,금호석유우,102,0.01,7.02
411,대한제강,101,0.01,2.6
412,티앤엘,101,0.01,1.85
413,AP시스템,100,0.01,4.13
414,유나이티드제약,99,0.01,3.33
415,미코,99,0.01,3.69
416,케이씨,96,0.01,4.27
417,신세계인터내셔날,94,0.01,2.61
418,삼천리,94,0.01,2.62
419,LX홀딩스,93,0.01,1.78
420,아세아제지,92,0.01,2.95
421,영풍,92,0.01,1.3
422,와이솔,91,0.01,6.45
423,테스,90,0.01,2.95
424,네오위즈,90,0.01,2.17
425,아세아,89,0.01,1.68
426,앱클론,88,0.01,3.57
427,더블유씨피,84,0.01,2.25
428,백산,83,0.01,2.92
429,애경케미칼,82,0.01,2.47
430,오스코텍,82,0.01,0.88
431,티에스이,81,0.01,1.77
432,신도리코,80,0.01,2.13
433,풍산홀딩스,80,0.01,2.15
434,마크로젠,79,0.01,4.4
435,카페24,78,0.01,0.95
436,태광산업,77,0.01,1.14
437,SPC삼립,77,0.01,1.78
438,송원산업,76,0.01,2.83
439,비츠로셀,76,0.01,1.57
440,쎄트렉아이,75,0.01,1.71
441,피엔티,75,0.01,0.83
442,아이쓰리시스템,74,0.01,2.33
443,GST,73,0.01,2.34
444,디와이파워,73,0.01,5.94
445,코람코라이프인프라리츠,73,0.01,1.82
446,쏘카,72,0.01,1.21
447,서연이화,70,0.01,2.22
448,아이센스,70,0.01,1.66
449,제이엘케이,70,0.01,3.36
450,고영,70,0.01,1.25
451,넥스틴,70,0.01,1.31
452,파미셀,69,0,1.39
453,지누스,69,0,1.31
454,씨젠,68,0,0.58
455,제이에스코퍼레이션,67,0,3.47
456,데브시스터즈,66,0,1.99
457,휴메딕스,66,0,1.4
458,안랩,66,0,0.9
459,레이크머티리얼즈,65,0,0.91
460,티웨이항공,65,0,1.26
461,피엔에이치테크,65,0,8.36
462,대동,65,0,2.73
463,성우하이텍,64,0,1.6
464,우신시스템,64,0,6.08
465,수산인더스트리,63,0,2.28
466,한중엔시에스,63,0,2.96
467,한진,63,0,2.21
468,세방,63,0,2.9
469,한국쉘석유,62,0,1.51
470,한국철강,62,0,1.74
471,케이아이엔엑스,62,0,1.66
472,에이치브이엠,62,0,2.12
473,RFHIC,62,0,1.78
474,한미글로벌,61,0,3.37
475,자화전자,61,0,2.33
476,카카오게임즈,61,0,0.45
477,파인엠텍,61,0,3.11
478,농심홀딩스,60,0,2.05
479,진성티이씨,60,0,3.05
480,신세계푸드,60,0,4.28
481,삼진제약,59,0,2.36
482,화신,59,0,2.48
483,디아이티,59,0,2.49
484,엠앤씨솔루션,59,0,1.5
485,큐리언트,58,0,4.18
486,아이마켓코리아,58,0,2.16
487,SNT홀딩스,58,0,1.57
488,파트론,56,0,1.38
489,우진,56,0,4.32
490,인탑스,55,0,1.94
491,미원상사,55,0,0.62
492,유비쿼스,55,0,4.61
493,피에이치에이,54,0,2.56
494,스카이라이프,54,0,2.4
495,CJ4우(전환),54,0,1.62
496,유니셈,53,0,2.93
497,한국정보통신,53,0,1.79
498,현대퓨처넷,52,0,1.25
499,현대차3우B,52,0,1.44
500,에스에이엠티,52,0,2
501,SK이터닉스,51,0,1.26
502,삼영무역,51,0,2.15
503,휴온스글로벌,50,0,0.92
504,매일유업,50,0,1.84
505,기가비스,50,0,1.61
506,KPX케미칼,50,0,2.36
507,애경산업,50,0,1.42
508,종근당(무상),50,0,0
509,삼성전기우,49,0,3.01
510,노루페인트,49,0,3.11
511,효성화학,49,0,3.27
512,금양,49,0,0.36
513,이엔에프테크놀로지,49,0,2.03
514,퓨쳐켐,49,0,1.27
515,동성케미컬,48,0,2.56
516,전진건설로봇,48,0,0.92
517,에스피지,47,0,0.91
518,토니모리,47,0,3.18
519,한일홀딩스,47,0,1.08
520,미원에스씨,45,0,0.61
521,HDC랩스,45,0,2.02
522,서흥,44,0,3
523,윈스,44,0,2.93
524,한독,44,0,2.63
525,NICE,43,0,1.07
526,에코프로에이치엔,43,0,0.63
527,와이지-원,43,0,2.5
528,삼익THK,43,0,2.41
529,진시스템,43,0,7.18
530,콜마홀딩스,42,0,1.84
531,뷰웍스,42,0,2
532,서부T&D,42,0,1.19
533,인터플렉스,42,0,1.98
534,마이크로디지탈,42,0,2.57
535,남양유업,42,0,1.06
536,우주일렉트로,42,0,2.6
537,신세계 I&C,42,0,1.89
538,프로텍,42,0,1.74
539,유바이오로직스,41,0,0.93
540,오로스테크놀로지,41,0,2.71
541,대원제약,41,0,1.27
542,LS머트리얼즈,40,0,0.51
543,HLB테라퓨틱스,40,0,0.43
544,HD현대에너지솔루션,40,0,1.77
545,유니퀘스트,40,0,2.78
546,KSS해운,40,0,1.96
547,대상홀딩스,40,0,1.07
548,티이엠씨,39,0,2.36
549,제룡전기,39,0,0.52
550,롯데이노베이트,39,0,1.32
551,동양이엔피,38,0,2.72
552,동국씨엠,38,0,2.13
553,F&F홀딩스,38,0,0.8
554,콘텐트리중앙,38,0,2.23
555,에이프로젠,38,0,1.6
556,씨메스,38,0,1.35
557,한화리츠,38,0,0.6
558,크리스에프앤씨,37,0,2.64
559,태경케미컬,37,0,2.85
560,리파인,37,0,1.66
561,솔트룩스,37,0,1.35
562,아나패스,36,0,1.46
563,한국공항,36,0,2.01
564,딥노이드,36,0,2.94
565,코나아이,36,0,0.87
566,대원강업,35,0,1.47
567,엘앤씨바이오,35,0,0.65
568,코리아써키트,35,0,1.64
569,지씨셀,35,0,0.94
570,상아프론테크,35,0,1.21
571,사조대림,35,0,0.94
572,대덕,35,0,1.55
573,메지온,35,0,0.37
574,아모레G우,34,0,6.05
575,휴온스,34,0,1.05
576,제이앤티씨,34,0,0.31
577,덕산하이메탈,34,0,1.92
578,대양전기공업,33,0,2.72
579,바이오노트,33,0,0.69
580,디앤디파마텍,33,0,0.64
581,HJ중공업,33,0,0.66
582,넥스트바이오메디컬,33,0,0.99
583,SIMPAC,32,0,1.32
584,고려제강,32,0,0.72
585,신흥에스이씨,32,0,1.61
586,와이씨,32,0,0.38
587,네이처셀,32,0,0.23
588,HS효성,32,0,2.85
589,교보증권,32,0,0.5
590,나스미디어,31,0,1.95
591,엠씨넥스,31,0,0.9
592,효성ITX,31,0,2.19
593,디앤씨미디어,30,0,1.16
594,유안타증권,30,0,0.58
595,심텍,30,0,0.85
596,하이비젼시스템,30,0,1.14
597,태경산업,29,0,2.06
598,삼양패키징,29,0,1.14
599,NHN KCP,29,0,1.01
600,한국자산신탁,29,0,0.83
601,네오팜,29,0,1.5
602,KISCO홀딩스,28,0,0.88
603,그리드위즈,28,0,2.14
604,이리츠코크렙,28,0,1.06
605,다원시스,27,0,0.8
606,아난티,27,0,0.58
607,일신방직,27,0,1.53
608,바이오니아,27,0,0.55
609,에프에스티,27,0,0.78
610,삼영전자,27,0,1.35
611,에코앤드림,26,0,0.68
612,남해화학,26,0,0.86
613,광동제약,26,0,0.92
614,메디포스트,26,0,0.66
615,NH올원리츠,26,0,1.79
616,제이오,26,0,0.58
617,웹젠,26,0,0.54
618,더본코리아,26,0,0.55
619,퍼시스,26,0,0.54
620,두산우,25,0,0.6
621,인선이엔티,25,0,1.01
622,액트로,25,0,4.91
623,시노펙스,25,0,0.5
624,DI동일(배당),25,0,0
625,한국토지신탁,25,0,0.99
626,토비스,25,0,0.77
627,현대차증권,24,0,1.03
628,하이젠알앤엠,24,0,0.59
629,컨텍,24,0,1.62
630,무림P&P,24,0,1.35
631,와이엠티,24,0,1.49
632,동원산업무상(보),24,0,0
633,씨에스베어링,24,0,2
634,크라운제과,24,0,2.43
635,에스오에스랩,24,0,1
636,콜마비앤에이치,24,0,0.69
637,BGF,23,0,0.71
638,큐로셀,23,0,0.53
639,이스트소프트,23,0,0.87
640,모토닉,23,0,0.83
641,클리오,23,0,0.74
642,글로벌텍스프리,23,0,1.09
643,케어젠,23,0,0.15
644,오픈엣지테크놀로지,22,0,0.73
645,삼양통상,22,0,1.48
646,부광약품,22,0,0.7
647,칩스앤미디어,22,0,0.67
648,사람인,22,0,1.06
649,포스코스틸리온,22,0,1.25
650,현대리바트,22,0,1.38
651,스마트레이더시스템,22,0,0.96
652,백광산업,22,0,0.67
653,한국무브넥스,21,0,2.27
654,제이브이엠,21,0,0.93
655,솔브레인홀딩스,21,0,0.28
656,예스코홀딩스,21,0,0.7
657,에치에프알,21,0,0.9
658,디바이스이엔지,21,0,2.51
659,일동제약,21,0,0.64
660,케이엠더블유,21,0,0.59
661,삼일제약,21,0,0.72
662,천보,20,0,0.56
663,DB,20,0,0.77
664,모두투어,20,0,1.1
665,노루홀딩스,20,0,1.17
666,이엠텍,20,0,0.41
667,신한서부티엔디리츠,20,0,1.04
668,호전실업,20,0,2.63
669,조광피혁,20,0,0.55
670,LG우,20,0,1.11
671,대한제당,20,0,0.82
672,삼성FN리츠,19,0,0.46
673,한전산업,19,0,0.63
674,케이엔제이,19,0,1.78
675,신풍제약,19,0,0.35
676,태경비케이,19,0,1.52
677,스틱인베스트먼트,19,0,0.53
678,대한약품,19,0,1.2
679,텔레칩스,19,0,0.98
680,대성에너지,19,0,0.8
681,신대양제지,18,0,0.8
682,영진약품,18,0,0.5
683,디앤디플랫폼리츠,18,0,0.7
684,도화엔지니어링,18,0,0.82
685,한국화장품제조,18,0,0.77
686,무학,18,0,1
687,바이오다인,18,0,0.37
688,대창단조,18,0,1.26
689,KG케미칼,18,0,0.7
690,바이오플러스,18,0,0.42
691,코오롱,18,0,1
692,대원전선,17,0,0.77
693,필옵틱스,17,0,0.41
694,GS글로벌,17,0,0.78
695,LS마린솔루션,17,0,0.35
696,한일현대시멘트,17,0,0.65
697,동국홀딩스,17,0,0.72
698,큐알티,17,0,1.18
699,원텍,17,0,0.43
700,에이블씨엔씨,17,0,0.93
701,흥아해운,17,0,0.43
702,코리아에프티,16,0,1.34
703,잇츠한불,16,0,0.7
704,세아홀딩스,16,0,0.42
705,다올투자증권,16,0,0.85
706,종근당바이오,16,0,1.34
707,한화갤러리아,16,0,0.76
708,레이,16,0,1.77
709,신성이엔지,16,0,0.66
710,아모텍,16,0,2.92
711,진양홀딩스,16,0,0.93
712,롯데하이마트,16,0,0.93
713,오스테오닉,16,0,1.18
714,광주신세계,16,0,0.69
715,KG모빌리언스,16,0,0.86
716,농우바이오,16,0,1.37
717,KPX홀딩스,16,0,0.7
718,성신양회,16,0,0.85
719,넥센,16,0,0.63
720,하이트진로홀딩스,16,0,0.73
721,이연제약,15,0,0.64
722,대한제분,15,0,0.71
723,일양약품,15,0,0.7
724,KH바텍,15,0,0.78
725,일진홀딩스,15,0,0.81
726,아모레G3우(전환),15,0,1.22
727,유진투자증권,15,0,0.63
728,코스맥스비티아이,15,0,1.78
729,레이언스,15,0,1.45
730,S-Oil우,15,0,0.96
731,대교,14,0,0.68
732,강남제비스코,14,0,0.87
733,노바렉스,14,0,1.02
734,JW생명과학,14,0,0.83
735,DB금융투자,14,0,0.65
736,NH투자증권우,14,0,0.61
737,벽산,14,0,1.12
738,엠아이텍,14,0,0.53
739,KB스타리츠,14,0,0.35
740,한솔테크닉스,14,0,1.1
741,디와이,14,0,1.35
742,덕산테코피아,14,0,0.23
743,삼영,14,0,1.08
744,서울가스,14,0,0.55
745,현대바이오,14,0,0.24
746,하림지주,13,0,0.22
747,한세예스24홀딩스,13,0,0.79
748,제닉,13,0,0.72
749,셀바스AI,13,0,0.42
750,AJ네트웍스,13,0,0.67
751,하나제약,13,0,0.68
752,SK디앤디,13,0,0.96
753,LG헬로비전,13,0,0.68
754,씨아이에스,13,0,0.22
755,한화3우B,13,0,0.43
756,CR홀딩스,13,0,0.47
757,SK증권,12,0,0.57
758,에어부산,12,0,0.46
759,선익시스템,12,0,0.3
760,조선내화,12,0,0.65
761,로보티즈,12,0,0.39
762,교촌에프앤비무상(보),12,0,0
763,교촌에프앤비,12,0,0.87
764,동아지질,12,0,0.65
765,인바디,12,0,0.37
766,경동도시가스,12,0,1.13
767,흥국화재,12,0,0.5
768,제주반도체,12,0,0.38
769,동화약품,12,0,0.66
770,서울반도체,12,0,0.27
771,알루코,12,0,0.6
772,코오롱글로벌,12,0,0.7
773,우리기술투자,12,0,0.2
774,경농,12,0,0.66
775,쏠리드,12,0,0.28
776,웅진씽크빅,11,0,0.63
777,삼호개발,11,0,1.49
778,태림포장,11,0,0.83
779,삼화페인트,11,0,0.68
780,남선알미늄,11,0,0.59
781,제일약품,11,0,0.67
782,신라교역,11,0,0.75
783,한국금융지주우,11,0,0.36
784,한솔아이원스,11,0,0.59
785,동양,11,0,0.67
786,해태제과식품,11,0,0.63
787,비엠티,11,0,1.64
788,월덱스,11,0,0.39
789,쇼박스,11,0,0.55
790,코오롱ENP,11,0,0.54
791,성일하이텍,11,0,0.25
792,덕우전자,11,0,1.41
793,삼성물산우B,11,0,0.83
794,한농화성,10,0,0.5
795,HDC현대EP,10,0,0.91
796,서연,10,0,0.65
797,금강공업,10,0,0.9
798,AK홀딩스,10,0,0.8
799,TYM,10,0,0.5
800,노바텍,10,0,0.64
801,사조산업,10,0,0.57
802,일진다이아,10,0,0.64
803,에이엘티,10,0,1.17
804,한국석유,10,0,0.58
805,엘티씨,10,0,1.14
806,DL이앤씨2우(전환),10,0,2.18
807,바텍,10,0,0.35
808,NPC,10,0,0.62
809,JW홀딩스,10,0,0.43
810,슈프리마,10,0,0.55
811,지니언스,10,0,1.13
812,휴스틸,10,0,0.45
813,SK이노베이션우,10,0,1.04
814,현대비앤지스틸,10,0,0.57
815,나이스정보통신,10,0,0.53
816,경방,10,0,0.55
817,그린플러스,9,0,1.18
818,삼성출판사,9,0,0.64
819,화승알앤에이,9,0,1.65
820,일성아이에스,9,0,0.45
821,이월드,9,0,0.44
822,퓨런티어,9,0,0.41
823,대정화금,9,0,1
824,차바이오텍,9,0,0.14
825,넥스틸,9,0,0.48
826,대신증권우,9,0,0.23
827,SJG세종,9,0,0.83
828,코윈테크,9,0,0.62
829,네오셈,9,0,0.23
830,모나용평,9,0,0.56
831,유티아이,9,0,0.2
832,동화기업,9,0,0.21
833,신원,9,0,0.57
834,부국증권,9,0,0.3
835,LS네트웍스,9,0,0.39
836,디아이씨,8,0,0.59
837,싸이맥스,8,0,0.91
838,유수홀딩스,8,0,0.61
839,디오,8,0,0.35
840,일신석재,8,0,0.5
841,이지스밸류리츠,8,0,0.37
842,KEC,8,0,0.53
843,CJ프레시웨이,8,0,0.39
844,그린케미칼,8,0,0.49
845,SFA반도체,8,0,0.16
846,HS애드,8,0,0.76
847,티로보틱스,8,0,0.59
848,제이스텍,8,0,0.89
849,YG PLUS,8,0,0.34
850,경인양행,8,0,0.69
851,BYC,8,0,0.42
852,HS화성,8,0,0.78
853,KCTC,8,0,0.65
854,DL이앤씨우,8,0,2.26
855,휴니드,8,0,0.7
856,대성홀딩스,8,0,0.67
857,코오롱모빌리티그룹,8,0,0.51
858,와이엔텍,8,0,0.67
859,이수화학,7,0,0.53
860,경동인베스트,7,0,0.51
861,선진,7,0,0.55
862,우진엔텍,7,0,0.56
863,동방,7,0,0.7
864,다우데이타,7,0,0.19
865,제주은행,7,0,0.27
866,아비코전자,7,0,1.22
867,나무가,7,0,0.34
868,조일알미늄,7,0,0.41
869,세운메디칼,7,0,0.67
870,삼익악기,7,0,0.68
871,AP위성,7,0,0.36
872,경보제약,7,0,0.46
873,하이딥,7,0,0.73
874,SG글로벌,7,0,0.46
875,아스플로,7,0,1.21
876,계룡건설,7,0,0.59
877,KG이니시스,7,0,0.27
878,HLB글로벌,7,0,0.34
879,이랜텍,7,0,0.52
880,엘오티베큠,7,0,0.45
881,미창석유,7,0,0.43
882,샘표식품,7,0,0.59
883,대명에너지,7,0,0.34
884,미원홀딩스,7,0,0.36
885,디와이피엔에프,6,0,0.47
886,현대이지웰,6,0,0.52
887,사조동아원,6,0,0.47
888,이건산업,6,0,1.13
889,한국주철관,6,0,0.45
890,롯데칠성우,6,0,1.22
891,제일파마홀딩스,6,0,0.5
892,에프엔에스테크,6,0,0.91
893,녹십자웰빙,6,0,0.35
894,아이티엠반도체,6,0,0.21
895,셀트리온제약배당(보),6,0,0
896,동국S&C,6,0,0.45
897,극동유화,6,0,0.48
898,아시아나IDT,6,0,0.45
899,현대약품,6,0,0.52
900,포스코엠텍,6,0,0.12
901,뉴트리,6,0,1.16
902,에스비비테크,6,0,0.53
903,휴비스,6,0,0.66
904,샘표,6,0,0.53
905,자람테크놀로지,6,0,0.2
906,범한퓨얼셀,6,0,0.51
907,자이에스앤디,6,0,0.46
908,애니플러스,6,0,0.48
909,한양이엔지,6,0,0.19
910,팜스코,6,0,0.7
911,큐렉소,6,0,0.21
912,대성산업,6,0,0.38
913,한솔홀딩스,6,0,0.56
914,NI스틸,6,0,0.55
915,필에너지,6,0,0.2
916,비나텍배당(보),5,0,0
917,모나리자,5,0,0.51
918,키다리스튜디오,5,0,0.43
919,두올,5,0,0.55
920,퍼스텍,5,0,0.37
921,한스바이오메드,5,0,0.45
922,한국화장품,5,0,0.53
923,제우스,5,0,0.14
924,TP,5,0,0.71
925,이구산업,5,0,0.39
926,켄코아에어로스페이스,5,0,0.4
927,동인기연,5,0,0.45
928,한신공영,5,0,0.67
929,DL우,5,0,1.48
930,세이브존I&C,5,0,0.59
931,신일전자,5,0,0.48
932,대영포장,5,0,0.44
933,갤럭시아머니트리,5,0,0.16
934,KTis,5,0,0.52
935,한국수출포장,5,0,0.42
936,신성통상,5,0,0.15
937,세아특수강,5,0,0.41
938,한양디지텍,5,0,0.35
939,미래나노텍,5,0,0.19
940,원익홀딩스,5,0,0.23
941,아이엠비디엑스,5,0,0.31
942,유비벨록스,5,0,0.48
943,삼성SDI우,5,0,0.19
944,화천기계,5,0,0.8
945,금호건설,5,0,0.46
946,삼성제약,5,0,0.31
947,SK케미칼우,5,0,1.07
948,KTcs,4,0,0.39
949,코아시아,4,0,0.43
950,진양산업,4,0,0.4
951,이지바이오,4,0,0.31
952,상신브레이크,4,0,0.71
953,디씨엠,4,0,0.33
954,황금에스티,4,0,0.52
955,수산중공업,4,0,0.36
956,진원생명과학,4,0,0.25
957,일성건설,4,0,0.21
958,방림,4,0,0.23
959,아주스틸,4,0,0.4
960,대창,4,0,0.35
961,국제약품,4,0,0.37
962,인천도시가스,4,0,0.37
963,한양증권,4,0,0.27
964,대현,4,0,0.38
965,크라운해태홀딩스,4,0,0.47
966,유니켐,4,0,0.26
967,조선선재,4,0,0.32
968,CJ씨푸드,4,0,0.36
969,동부건설,4,0,0.43
970,에이에스텍,4,0,0.35
971,포니링크,4,0,0.22
972,덕성,4,0,0.35
973,미래에셋벤처투자,4,0,0.15
974,STX,4,0,0.26
975,한진중공업홀딩스,4,0,0.32
976,무림페이퍼,4,0,0.41
977,동성제약,4,0,0.29
978,아이디스,3,0,0.19
979,서울옥션,3,0,0.29
980,한국특강,3,0,0.33
981,글로벌텍스프리무상(보),3,0,0
982,한국내화,3,0,0.38
983,인지컨트롤스,3,0,0.38
984,아남전자,3,0,0.33
985,인스코비,3,0,0.19
986,영풍배당(보),3,0,0
987,네온테크,3,0,0.28
988,신영와코루,3,0,0.4
989,모트렉스,3,0,0.14
990,미래에셋글로벌리츠,3,0,0.31
991,LS증권,3,0,0.15
992,인텍플러스,3,0,0.25
993,인벤티지랩,3,0,0.15
994,화천기공,3,0,0.55
995,유니온머티리얼,3,0,0.35
996,미래에셋증권우,3,0,0.53
997,팅크웨어,3,0,0.32
998,GS우,3,0,0.47
999,덕양산업,3,0,0.32
1000,유니드비티플러스,3,0,0.8
1001,미원화학,3,0,0.17
1002,에이프릴바이오,3,0,0.08
1003,삼일씨엔에스,3,0,0.71
1004,옵티팜,3,0,0.44
1005,광전자,3,0,0.29
1006,윤성에프앤씨,3,0,0.1
1007,유진로봇,3,0,0.12
1008,토모큐브,3,0,0.14
1009,일동홀딩스,3,0,0.3
1010,진흥기업,3,0,0.24
1011,SG세계물산,3,0,0.41
1012,동국산업,3,0,0.11
1013,두산퓨얼셀1우,3,0,0.41
1014,동양철관,3,0,0.26
1015,대한광통신,3,0,0.41
1016,대한화섬,3,0,0.19
1017,오리엔탈정공,3,0,0.11
1018,금호에이치티,3,0,0.19
1019,고려제강(무상),3,0,0
1020,DRB동일,3,0,0.32
1021,하나기술,3,0,0.19
1022,이아이디,3,0,0.07
1023,다스코,2,0,0.46
1024,신흥,2,0,0.18
1025,테이팩스,2,0,0.4
1026,코람코더원리츠,2,0,0.14
1027,CJ우,2,0,0.18
1028,에스제이그룹,2,0,0.48
1029,사조씨푸드,2,0,0.29
1030,솔루스첨단소재1우,2,0,0.71
1031,세보엠이씨,2,0,0.21
1032,LB세미콘,2,0,0.14
1033,기신정기,2,0,0.3
1034,현대코퍼레이션홀딩스,2,0,0.23
1035,명문제약,2,0,0.34
1036,파수,2,0,0.36
1037,동일고무벨트,2,0,0.22
1038,부산산업,2,0,0.25
1039,동원개발,2,0,0.09
1040,한신기계,2,0,0.22
1041,이노와이어리스,2,0,0.12
1042,지어소프트,2,0,0.15
1043,브랜드엑스코퍼레이션,2,0,0.1
1044,남광토건,2,0,0.24
1045,KX,2,0,0.13
1046,이글루,2,0,0.32
1047,대구백화점,2,0,0.32
1048,화승코퍼레이션,2,0,0.24
1049,지엠비코리아,2,0,0.26
1050,유화증권,2,0,0.15
1051,유엔젤,2,0,0.22
1052,KIB플러그에너지,2,0,0.14
1053,케이피에프,2,0,0.22
1054,박셀바이오,2,0,0.07
1055,유니테스트,2,0,0.09
1056,넥센타이어1우B,2,0,0.92
1057,삼원강재,2,0,0.18
1058,DSR,2,0,0.27
1059,코세스,2,0,0.15
1060,휴비츠,2,0,0.16
1061,성창기업지주,2,0,0.17
1062,동일산업,2,0,0.16
1063,팬엔터테인먼트,1,0,0.26
1064,페이퍼코리아,1,0,0.1
1065,파세코,1,0,0.16
1066,신테카바이오,1,0,0.18
1067,형지엘리트,1,0,0.2
1068,노머스,1,0,0.06
1069,SH에너지화학,1,0,0.24
1070,디케이티,1,0,0.09
1071,코스텍시스,1,0,0.36
1072,디지털대성,1,0,0.07
1073,인팩,1,0,0.24
1074,제너셈,1,0,0.23
1075,팜젠사이언스,1,0,0.18
1076,금화피에스시,1,0,0.09
1077,한솔홈데코,1,0,0.26
1078,제일연마,1,0,0.15
1079,보락,1,0,0.2
1080,네패스,1,0,0.09
1081,영보화학,1,0,0.18
1082,인터지스,1,0,0.18
1083,조비,1,0,0.24
1084,푸른소나무,1,0,0.06
1085,브릿지바이오테라퓨틱스,1,0,0.07
1086,대덕전자1우,1,0,0.75
1087,사조오양,1,0,0.17
1088,시노펙스무상(보),1,0,0
1089,문배철강,1,0,0.26
1090,현대건설우,1,0,0.27
1091,한국제지,1,0,0.08
1092,세원정공,1,0,0.17
1093,영풍제지,1,0,0.19
1094,혜인,1,0,0.19
1095,오리엔트바이오,1,0,0.06
1096,새론오토모티브,1,0,0.18
1097,계양전기,1,0,0.28
1098,동방아그로,1,0,0.14
1099,와이투솔루션,1,0,0.15
1100,써니전자,1,0,0.15
1101,셀리버리,1,0,0.04
1102,우성,1,0,0.24
1103,깨끗한나라,1,0,0.13
1104,한국비엔씨,1,0,0.04
1105,광명전기,1,0,0.15
1106,보해양조,1,0,0.15
1107,에이프로젠바이오로직스,1,0,0.08
1108,동양피스톤,1,0,0.17
1109,신송홀딩스,1,0,0.14
1110,진양화학,1,0,0.15
1111,지엔씨에너지,1,0,0.07
1112,핌스,1,0,0.26
1113,HL D&I,1,0,0.12
1114,한컴라이프케어,1,0,0.11
1115,LK삼양,1,0,0.07
1116,유유제약,1,0,0.12
1117,아모그린텍,1,0,0.09
1118,DSR제강,1,0,0.17
1119,태웅로직스,1,0,0.08
1120,코오롱인더우,1,0,0.17
1121,CS홀딩스,1,0,0.1
1122,세코닉스,1,0,0.1
1123,대한항공우,1,0,0.32
1124,만호제강,1,0,0.07
1125,인카금융서비스,1,0,0.03
1126,대호에이엘,1,0,0.09
1127,에넥스,1,0,0.22
1128,LX하우시스우,1,0,0.35
1129,한국종합기술,1,0,0.12
1130,한창제지,1,0,0.18
1131,웅진,1,0,0.11
1132,텔코웨어,1,0,0.08
1133,부국철강,1,0,0.15
1134,유니온,1,0,0.09
1135,코오롱티슈진,1,0,0
1136,하이트론,1,0,0.08
1137,정다운,1,0,0.08
1138,에이플러스에셋,1,0,0.07
1139,한화솔루션우,1,0,0.17
1140,씨티알모빌리티,1,0,0.13
1141,한솔로지스틱스,1,0,0.11
1142,삼성공조,1,0,0.09
1143,갤럭시아에스엠,1,0,0.12
1144,영화금속,1,0,0.13
1145,에스엠벡셀,1,0,0.04
1146,신세계건설,1,0,0.04
1147,조광페인트,1,0,0.08
1148,한국전자금융,1,0,0.03
1149,STX그린로지스,1,0,0.09
1150,인디에프,1,0,0.08
1151,동남합성,1,0,0.05
1152,티웨이홀딩스,0,0,0.06
1153,동성케미컬배당(보),0,0,0
1154,화인베스틸,0,0,0.15
1155,케이비아이동국실업,0,0,0.07
1156,엔케이맥스,0,0,0.02
1157,이지스레지던스리츠,0,0,0.02
1158,제테마,0,0,0.01
1159,유성기업,0,0,0.06
1160,상상인증권,0,0,0.06
1161,쌍방울,0,0,0.04
1162,SJM,0,0,0.07
1163,세원이앤씨,0,0,0.04
1164,현대사료,0,0,0.02
1165,잉글우드랩,0,0,0.02
1166,국일제지,0,0,0
1167,코윈테크배당(보),0,0,0
1168,에프에스티배당(보),0,0,0
1169,이엔플러스,0,0,0.03
1170,삼화왕관,0,0,0.04
1171,비상교육,0,0,0.04
1172,주연테크,0,0,0.11
1173,인바이오젠,0,0,0.02
1174,KH 필룩스,0,0,0.02
1175,플리토,0,0,0.02
1176,신한글로벌액티브리츠,0,0,0.02
1177,대교우B,0,0,0.07
1178,코아스템켐온,0,0,0.02
1179,삼정펄프,0,0,0.03
1180,진도,0,0,0.08
1181,온타이드,0,0,0.06
1182,IHQ,0,0,0.02
1183,전방,0,0,0.04
1184,KCI,0,0,0.02
1185,티에이치엔,0,0,0.02
1186,NH프라임리츠,0,0,0.01
1187,원림,0,0,0.02
1188,LX홀딩스1우,0,0,0.06
1189,한화갤러리아우,0,0,0.09
1190,성보화학,0,0,0.01
1191,평화홀딩스,0,0,0.01
1192,선도전기,0,0,0.01
1193,MH에탄올,0,0,0.01
1194,영풍정밀,0,0,0
1195,코오롱글로벌우,0,0,0.03
1196,코퍼스코리아,0,0,0.01
1197,마니커,0,0,0.01
1198,핸즈코퍼레이션,0,0,0.01
1199,국보,0,0,0.01
1200,메타케어,0,0,0
